<?xml version='1.0' encoding='UTF-8' ?>
<timeLogEntries>
  <time id="1" path="/Reporte-PSP0/PSP0/Code" start="@1632271393870" delta="128" interrupt="1" comment="Implementación método main para leer la entrada" />
  <time id="2" path="/Reporte-PSP0/PSP0/Code" start="@1632345937149" delta="148" comment="Implemetación y creación de los métodos que permiten la creación de la lista enlazada de juegos del cliente" />
  <time id="3" path="/Reporte-PSP0/PSP0/Design" start="@1632354831498" delta="38" comment="Tad MyStack" />
  <time id="4" path="/Reporte-PSP0/PSP0/Design" start="@1632361591584" delta="101" comment="Tad MyLinkedList" />
  <time id="5" path="/Reporte-PSP0/PSP0/Code" start="@1632441174202" delta="108" comment="Algoritmos de ordenamiento: insertio and bubble sort" />
  <time id="6" path="/Reporte-PSP0/PSP0/Design" start="@1632447662686" delta="23" comment="Análisis de complejidad temporal" />
  <time id="7" path="/Reporte-PSP0/PSP0/Design" start="@1632500823000" delta="10" comment="Análisis de complejidad espacial" />
  <time id="8" path="/Reporte-PSP0/PSP0/Planning" start="@1632788379797" delta="65" comment="Diseño del diagrama de clases con hoja y papel" />
  <time id="9" path="/Reporte-PSP0/PSP0/Compile" start="@1632792357251" delta="29" comment="Compilación del programa para probar el ejemplo del enunciado" />
  <time id="10" path="/Reporte-TI2/PSP0/Design" start="@1634092840332" delta="15" comment="Requerimientos funcionales" />
  <time id="11" path="/Reporte-TI2/PSP0/Code" start="@1634655473299" delta="65" comment="Se realizó el método para editar la información de un jugador" />
  <time id="12" path="/Reporte-TI2/PSP0/Code" start="@1634683012197" delta="76" comment="Se modificó el método para buscar los jugadores sin importar las mayúsculas" />
  <time id="13" path="/Reporte-TI2/PSP0/Code" start="@1634689189307" delta="106" comment="Implementación de una nueva ventana de la interfaz" />
  <time id="14" path="/Reporte-TI2/PSP0/Design" start="@1634857930253" delta="121" comment="Diseño del TAD" />
  <time id="15" path="/Reporte-TI2/PSP0/Code" start="@1634907806830" delta="168" comment="Se realizaron los métodos para buscar de forma eficiente por categoría teniendo como criterio los valores mayores o menores al ingresado en el text field" />
  <time id="16" path="/Reporte-TI2/PSP0/Design" start="@1634910711686" delta="135" comment="Complemento del TAD" />
  <time id="17" path="/Reporte-TI2/PSP0/Code" start="@1635017716909" delta="74" comment="Se realizó el método de la búsqueda de jugadores por equipo" />
  <time id="18" path="/Reporte-TI2/PSP0/Planning" start="@1633879656000" delta="60" comment="Distribución de tareas " />
</timeLogEntries>
