<?xml version='1.0' encoding='UTF-8' ?>
<timeLogEntries>
  <time id="1" path="/TI1/PSP0/Code" start="@1632328558687" delta="226" comment="I created the whole classes with its attributes and its relation between them based on the classes diagram" />
  <time id="2" path="/TI1/PSP0/Planning" start="@1632345512128" delta="124" comment="I planned how classes are gonna be divided so the program could be organized and practical" />
  <time id="3" path="/TI1/PSP0/Code" start="@1632352957073" delta="124" comment="I did the methods of the forst and second section" />
  <time id="4" path="/TI1/PSP0/Planning" start="@1632367120536" delta="63" comment="I did the planning of most of the methods of the program and commented it on the code so in that way after planning I can be able to code with an idea of what I'm doing" />
  <time id="5" path="/TI1/PSP0/Code" start="@1632419832039" delta="104" comment="I did the methods of the third section" />
  <time id="6" path="/TI1/PSP0/Design" start="@1632426063589" delta="83" comment="I use this time to do the diagram class and check the functional requirements" />
  <time id="7" path="/TI1/PSP0/Code" start="@1632431054397" delta="42" comment="I started doing the payment section" />
  <time id="8" path="/TI1/PSP0/Code" start="@1632485366742" delta="51" comment="I finished the whole program and verified that everything worked correctly" />
</timeLogEntries>
