<?xml version='1.0' encoding='UTF-8' ?>
<timeLogEntries>
  <time id="1" path="/Tarea Integradora 1/PSP0/Planning" start="@1632253304665" delta="35" comment="Read project's statement" />
  <time id="2" path="/Tarea Integradora 1/PSP0/Planning" start="@1632407280556" delta="14" />
  <time id="3" path="/Tarea Integradora 1/PSP0/Design" start="@1632408732519" delta="29" comment="Designed Unit Tests for Data Structures" />
  <time id="5" path="/Tarea Integradora 1/PSP0/Test" start="@1632410478112" delta="301" comment="Implemented Unit Tests" />
  <time id="6" path="/Tarea Integradora 1/PSP0/Design" start="@1632428553557" delta="25" comment="Worked on TADs" />
  <time id="7" path="/Tarea Integradora 1/PSP0/Code" start="@1632430234758" delta="66" />
  <time id="8" path="/Tarea Integradora 1/PSP0/Design" start="@1632434228160" delta="64" comment="Worked on TADs and Unit Tests Design" />
  <time id="9" path="/Tarea Integradora 1/PSP0/Design" start="@1632441341753" delta="205" comment="Designed Unit Tests for Data Structures" />
  <time id="10" path="/Tarea Integradora 1/PSP0/Planning" start="@1632502996701" delta="86" />
  <time id="11" path="/Tarea Integradora 1/PSP0/Code" start="@1632508181491" delta="163" />
  <time id="12" path="/Tarea Integradora 1/PSP0/Planning" start="@1632593814067" delta="21" />
  <time id="13" path="/Tarea Integradora 1/PSP0/Code" start="@1632686671828" delta="32" />
  <time id="14" path="/Tarea Integradora 1/PSP0/Code" start="@1632853562202" delta="87" />
  <time id="15" path="/Tarea Integradora 1/PSP0/Code" start="@1632858907145" delta="61" />
  <time id="16" path="/Tarea Integradora 2/PSP0/Code" start="@1634271404626" delta="150" />
  <time id="17" path="/Tarea Integradora 2/PSP0/Code" start="@1634510001213" delta="179" />
  <time id="18" path="/Tarea Integradora 2/PSP0/Code" start="@1634577317210" delta="184" />
  <time id="19" path="/Tarea Integradora 2/PSP0/Planning" start="@1635437375226" delta="37" />
</timeLogEntries>
